Oswaldo,4442455555
Oswaldo,4442455555
Oswaldo,4442455555
Oswaldo,4442455555
Oswaldo,4442455555
Oswaldo,4442455555
Oswaldo,4442455555
Oswaldo,4442455555
Oswaldo,4442455555
Oswaldo,4442455555
Oswaldo,4442455555
Oswaldo,4442455555
Oswaldo,4442455555
Oswaldo,4442455555
Oswaldo,4442455555
Oswaldo,4442455555
Oswaldo,4442455555
Oswaldo,4442455555
Oswaldo,4442455555
Oswaldo,4442455555
Oswaldo,4442455555
Oswaldo,4442455555
Oswaldo,4442455555
Oswaldo,4442455555
Oswaldo,4442455555
Oswaldo,4442455555
Oswaldo,4442455555
Oswaldo,4442455555
Oswaldo,4442455555
Oswaldo,4442455555
Oswaldo,4442455555
Oswaldo,4442455555
Oswaldo,4442455555
Oswaldo,4442455555
Oswaldo,4442455555
Oswaldo,4442455555
Oswaldo,4442455555
Oswaldo,4442455555
Oswaldo,4442455555
Oswaldo,4442455555
Oswaldo,4442455555
Oswaldo,4442455555
Oswaldo,4442455555
Oswaldo,4442455555
Oswaldo,4442455555
Oswaldo,4442455555
Oswaldo,4442455555
Oswaldo,4442455555
Oswaldo,4442455555
Oswaldo,4442455555
Oswaldo,4442455555
Oswaldo,4442455555
Oswaldo,4442455555
Oswaldo,4442455555
Oswaldo,4442455555
Oswaldo,4442455555
Oswaldo,4442455555
Oswaldo,4442455555
Oswaldo,4442455555
Oswaldo,4442455555
Oswaldo,4442455555
Oswaldo,4442455555
Oswaldo,4442455555
Oswaldo,4442455555
Oswaldo,4442455555
Oswaldo,4442455555
Oswaldo,4442455555
Oswaldo,4442455555
Oswaldo,4442455555
Oswaldo,4442455555
Oswaldo,4442455555
Oswaldo,4442455555
Oswaldo,4442455555
Oswaldo,4442455555
Oswaldo,4442455555
Oswaldo,4442455555
Oswaldo,4442455555
Oswaldo,4442455555
Oswaldo,4442455555
Oswaldo,4442455555
Oswaldo,4442455555
Oswaldo,4442455555
Oswaldo,4442455555
Oswaldo,4442455555
Oswaldo,4442455555
Oswaldo,4442455555
Oswaldo,4442455555
Oswaldo,4442455555
Oswaldo,4442455555
Oswaldo,4442455555
Oswaldo,4442455555
Oswaldo,4442455555
Oswaldo,4442455555
Oswaldo,4442455555
Oswaldo,4442455555
Oswaldo,4442455555
Oswaldo,4442455555
Oswaldo,4442455555
Oswaldo,4442455555
Oswaldo,4442455555
Oswaldo,4442455555
Oswaldo,4442455555
Oswaldo,4442455555
Oswaldo,4442455555
Oswaldo,4442455555
Oswaldo,4442455555
Oswaldo,4442455555
Oswaldo,4442455555
Oswaldo,4442455555
Oswaldo,4442455555
Oswaldo,4442455555
Oswaldo,4442455555
